listing_id,title,price_aud,product_type,layer,query_source,seller_location,url
377135229920,"NIMO Mini PC Desktop, AMD Ryzen AI Max+ 395 128GB LPDDR5 8000MHz RAM 1TB SSD",1526.18,NIMO Mini PC,L2,"""Ryzen AI Max+ 395""",Germany,https://www.ebay.com.au/itm/377135229920
286695913802,Asus ROG Flow Z13 (GZ302) 2-in-1 QHD+ TOUCH RYZEN AI MAX+ 395 32GB RAM 1TB 8060S,2520.47,ASUS ROG Flow Z13,L2,"""Ryzen AI Max+ 395""",United States,https://www.ebay.com.au/itm/286695913802
277811994609,Asus ROG Flow Z13 GZ302 13 180Hz QHD+ TOUCH 3.GHz RYZEN AI MAX+ 395 32GB 1TB SSD,2520.47,ASUS ROG Flow Z13,L2,"""Ryzen AI Max+ 395""",United States,https://www.ebay.com.au/itm/277811994609
287242959797,Asus ROG Flow Z13 GZ302 13 QHD+ 180Hz TOUCH 3.0 GHz RYZEN AI MAX+ 395 32GB 1TB,2520.47,ASUS ROG Flow Z13,L2,"""Ryzen AI Max+ 395""",United States,https://www.ebay.com.au/itm/287242959797
287060902904,Asus ROG Flow Z13 GZ302 180Hz QHD+ TOUCH 3.0 GHz RYZEN AI MAX+ 395 32GB 1TB SSD,2581.57,ASUS ROG Flow Z13,L2,"""Ryzen AI Max+ 395""",United States,https://www.ebay.com.au/itm/287060902904
117167396100,Asus ROG Flow Z13 (GZ302) 2-in-1 QHD+ TOUCH RYZEN AI MAX+ 395 32GB RAM 1TB 8060S,2595.33,ASUS ROG Flow Z13,L2,"""Ryzen AI Max+ 395""",United States,https://www.ebay.com.au/itm/117167396100
287006886321,Asus ROG Flow Z13 GZ302 13 180Hz QHD+ TOUCH 3.GHz RYZEN AI MAX+ 395 32GB 1TB SSD,2596.85,ASUS ROG Flow Z13,L2,"""Ryzen AI Max+ 395""",United States,https://www.ebay.com.au/itm/287006886321
287299416654,Asus ROG Flow Z13 GZ302 QHD+ TOUCH RYZEN AI MAX+ 395 32GB 2TB SSD - FRAME SPLIT,2635.05,ASUS ROG Flow Z13,L2,"""Ryzen AI Max+ 395""",United States,https://www.ebay.com.au/itm/287299416654
298249967425,Asus ROG Flow Z13 GZ302 13 180Hz QHD+ TOUCH 3.GHz RYZEN AI MAX+ 395 32GB 2TB SSD,2749.6,ASUS ROG Flow Z13,L2,"""Ryzen AI Max+ 395""",United States,https://www.ebay.com.au/itm/298249967425
277918741086,Asus ROG Flow Z13 GZ302 13 180Hz QHD+ TOUCH 3.0GHz RYZEN AI MAX+ 395 32GB 2TB,2749.6,ASUS ROG Flow Z13,L2,"""Ryzen AI Max+ 395""",United States,https://www.ebay.com.au/itm/277918741086
127824641277,"ASUS ROG Flow Z13 GZ302EA-XS96 13.4"" 2.5K 180Hz Ryzen AI MAX+ 395 32GB 1TB",2900.85,ASUS ROG Flow Z13,L2,"""Ryzen AI Max+ 395""",United States,https://www.ebay.com.au/itm/127824641277
297916599455,Asus ROG Flow Z13 GZ302 13 180Hz QHD+ TOUCH 3.0GHz RYZEN AI MAX+ 395 64GB 1TB,2978.74,ASUS ROG Flow Z13,L2,"""Ryzen AI Max+ 395""",United States,https://www.ebay.com.au/itm/297916599455
298276703868,"ASUS ROG Flow Z13 13.4"" 2.5K Touch Gaming Laptop Ryzen AI Max+ 395 64GB 1TB",3055.12,ASUS ROG Flow Z13,L2,"""Ryzen AI Max+ 395""",United States,https://www.ebay.com.au/itm/298276703868
236752370529,Asus ROG Flow Z13 (GZ302) RYZEN AI MAX+ 395 32GB RAM 1TB 8060S,3055.13,ASUS ROG Flow Z13,L2,"""Ryzen AI Max+ 395""",United States,https://www.ebay.com.au/itm/236752370529
287242959730,Asus ROG Flow Z13 GZ302 180Hz TOUCH 3.0 GHz RYZEN AI MAX+ 395 32GB 1TB Very Good,3114.68,ASUS ROG Flow Z13,L2,"""Ryzen AI Max+ 395""",United States,https://www.ebay.com.au/itm/287242959730
298137592135,Asus ROG Flow Z13 GZ302 13.4 QHD+ TOUCH 3.0 GHz RYZEN AI MAX+ 395 64GB 1TB SSD,3131.51,ASUS ROG Flow Z13,L2,"""Ryzen AI Max+ 395""",United States,https://www.ebay.com.au/itm/298137592135
287054785935,Asus ROG Flow Z13 GZ302 QHD+ TOUCH 3.0 GHz RYZEN AI MAX+ 395 64GB 1TB SSD 8060S,3133.02,ASUS ROG Flow Z13,L2,"""Ryzen AI Max+ 395""",United States,https://www.ebay.com.au/itm/287054785935
377152124093,"OneXPlayer Apex AI MAX+ 395 8"" Handheld Gaming PC Windows Game Console AAA Game",3191.22,OneXPlayer Apex,L2,"""AI Max+ 395""",China,https://www.ebay.com.au/itm/377152124093
377005421947,"OneXPlayer Onexfly Apex AI MAX+ 395 8"" Handheld Gaming PC Standard Version NEW!",3192.61,OneXPlayer Apex,L2,"""AI Max+ 395""",China,https://www.ebay.com.au/itm/377005421947
376951325041,"OneXPlayer Apex AI MAX+ 395 8"" Handheld Gaming PC 48GB RAM+1TB SSD",3192.61,OneXPlayer Apex,L2,"""AI Max+ 395""",China,https://www.ebay.com.au/itm/376951325041
206045434524,OneXPlayer Apex AMD AI MAX+ 395 8 Inch Handheld Gaming PC for AAA Gaming,3192.61,OneXPlayer Apex,L3,"""AI Max+ 395"" handheld",China,https://www.ebay.com.au/itm/206045434524
377035875515,"OneXPlayer Apex MAX+ 395 8"" Handheld Gaming PC Windows 48GB+1TB Standard",3192.61,OneXPlayer Apex,L1,ONEXFLY Apex 395,China,https://www.ebay.com.au/itm/377035875515
318201786877,GPD WIN 5 AMD Ryzen AI MAX+ 395 32GB+2TB Gaming Handheld Console,3207.66,GPD WIN 5,L3,"""AI Max+ 395"" gaming",China,https://www.ebay.com.au/itm/318201786877
236778167466,GPD WIN 5 AMD Ryzen AI MAX+ 395 32GB+2TB Gaming Handheld Console,3207.66,GPD WIN 5,L3,"""AI Max+ 395"" gaming",China,https://www.ebay.com.au/itm/236778167466
178077416701,GPD WIN 5 AMD Ryzen AI MAX+ 395 32GB+2TB Gaming Handheld Console,3207.66,GPD WIN 5,L3,"""AI Max+ 395"" gaming",China,https://www.ebay.com.au/itm/178077416701
287201119683,Asus ROG Flow Z13 GZ302 180Hz QHD+ 3.0 GHz RYZEN AI MAX+ 395 64GB 2TB Excellent,3207.87,ASUS ROG Flow Z13,L2,"""Ryzen AI Max+ 395""",United States,https://www.ebay.com.au/itm/287201119683
297894943176,Asus ROG Flow Z13 GZ302 180Hz QHD+ TOUCH 3.0 GHz RYZEN AI MAX+ 395 64GB 2TB SSD,3207.87,ASUS ROG Flow Z13,L2,"""Ryzen AI Max+ 395""",United States,https://www.ebay.com.au/itm/297894943176
327122628397,GPD WIN 5 AMD Ryzen AI MAX+ 395 32GB+2TB Gaming Handheld Console,3210.0,GPD WIN 5,L2,"""Ryzen AI Max+ 395""",China,https://www.ebay.com.au/itm/327122628397
397861841432,"ASUS ROG Flow Z13 GZ302EA-RU004W 13.4"" Gaming Laptop- AMD Ryzen AI MAX+ 395, 1TB",3211.61,ASUS ROG Flow Z13,L2,"""Ryzen AI Max+ 395""",United Kingdom,https://www.ebay.com.au/itm/397861841432
336503338068,GPD WIN 5 AMD Ryzen AI MAX+ 395 / 385 Gaming Handheld Console Windows 11,3247.28,GPD WIN 5,L2,"""Ryzen AI Max+ 395""",China,https://www.ebay.com.au/itm/336503338068
376576998117,GPD WIN 5 AMD Ryzen AI MAX+ 395 32GB+2TB Gaming Handheld Console,3289.82,GPD WIN 5,L2,"""Ryzen AI Max+ 395""",China,https://www.ebay.com.au/itm/376576998117
376698157662,GPD WIN 5 AMD Ryzen AI MAX+ 395(Max. 64GB+2TB Optional) Handheld Game Console,3289.82,GPD WIN 5,L2,"""Ryzen AI Max+ 395""",China,https://www.ebay.com.au/itm/376698157662
205844543337,"GPD WIN 5 Handheld Gaming PC - Ryzen AI Max+ 395, 32GB RAM, 2TB SSD",3289.82,GPD WIN 5,L3,"""AI Max+ 395"" handheld",China,https://www.ebay.com.au/itm/205844543337
205796134692,GPD WIN 5 AMD Ryzen AI MAX+ 395 32GB+2TB Latest Gaming PC Handheld Game Console,3289.82,GPD WIN 5,L3,"""AI Max+ 395"" handheld",China,https://www.ebay.com.au/itm/205796134692
377152126915,"OneXPlayer Onexfly Apex AI MAX+ 395 8"" Handheld Gaming PC",3304.18,OneXPlayer Apex,L2,"""AI Max+ 395""",China,https://www.ebay.com.au/itm/377152126915
206045445783,"NEW! OneXPlayer Apex AI MAX+ 395 8"" Handheld Gaming PC Windows Game Console",3304.18,OneXPlayer Apex,L3,"""AI Max+ 395"" handheld",China,https://www.ebay.com.au/itm/206045445783
377041066290,"OneXPlayer APEX AMD MAX+ 395 8"" Handheld Gaming PC 48GB+1TB Standard Version",3304.18,OneXPlayer Apex,L1,ONEXFLY Apex 395,China,https://www.ebay.com.au/itm/377041066290
206100374598,"OneXPlayer Onexfly Apex MAX+ 395 8"" Handheld Gaming PC Standard Version AAA Game",3304.18,OneXPlayer Apex,L1,ONEXFLY Apex 395,China,https://www.ebay.com.au/itm/206100374598
206050925364,"Instock OneXPlayer Apex MAX+ 395 8"" Handheld Gaming PC Windows 48GB+1TB Standard",3304.18,OneXPlayer Apex,L1,ONEXFLY Apex 395,China,https://www.ebay.com.au/itm/206050925364
376715235409,GPD WIN 5 AMD Ryzen AI MAX+ 395 Strongest Handheld Game Console Gaming PC,3312.04,GPD WIN 5,L2,"""Ryzen AI Max+ 395""",China,https://www.ebay.com.au/itm/376715235409
205847581556,GPD WIN 5 AMD Ryzen AI MAX+ 395(64GB+2TB Optional)Handheld Game Console Arriving,3312.04,GPD WIN 5,L3,"""AI Max+ 395"" handheld",China,https://www.ebay.com.au/itm/205847581556
377083296770,"OneXPlayer Apex 395 8"" Handheld Gaming PC 48GB+1TB LC Model Without Water cooler",3317.59,OneXPlayer Apex,L1,ONEXFLY Apex 395,China,https://www.ebay.com.au/itm/377083296770
376843424017,GPD WIN 5 AMD Ryzen AI MAX+ 395 32GB RAM +2TB  SSD Powerfull Gaming PC Handheld,3323.07,GPD WIN 5,L2,"""Ryzen AI Max+ 395""",China,https://www.ebay.com.au/itm/376843424017
376870006553,NEW!! GPD WIN 5 AMD Ryzen AI MAX+ 395 Strongest Handheld Game Console Gaming,3323.07,GPD WIN 5,L2,"""Ryzen AI Max+ 395""",China,https://www.ebay.com.au/itm/376870006553
205798139457,GPD WIN 5 AMD Ryzen AI MAX+ 395 32GB+2TB Gaming PC Removable battery Design,3323.07,GPD WIN 5,L3,"""AI Max+ 395"" PC",China,https://www.ebay.com.au/itm/205798139457
376998044098,"OneXPlayer Onexfly APEX AMD MAX+ 395 8"" Handheld Gaming PC 48GB+1TB For AAA Game",3323.07,OneXPlayer Apex,L1,ONEXFLY Apex 395,China,https://www.ebay.com.au/itm/376998044098
127837075329,ONEXFLY APEX RYZEN AI MAX+ 395 (48GB+1TB),3359.12,OneXPlayer Apex,L2,"""Ryzen AI Max+ 395""",United States,https://www.ebay.com.au/itm/127837075329
297920904818,Asus ROG Flow Z13 GZ302 180Hz QHD+ TOUCH 3.0 GHz RYZEN AI MAX+ 395 64GB 1TB SSD,3360.63,ASUS ROG Flow Z13,L2,"""Ryzen AI Max+ 395""",United States,https://www.ebay.com.au/itm/297920904818
277944800586,GPD WIN 5 Handheld Gaming PC | Ryzen AI Max+ 395 | 32GB RAM | 2TB SSD,3360.64,GPD WIN 5,L2,"""Ryzen AI Max+ 395""",United States,https://www.ebay.com.au/itm/277944800586
177753307715,"ASUS ROG Flow Z13 13.4"" Gaming Tablet Laptop Ryzen AI MAX+ 395, 1TB SSD 32GB RAM",3400.51,ASUS ROG Flow Z13,L2,"""Ryzen AI Max+ 395""",United Kingdom,https://www.ebay.com.au/itm/177753307715
376929942542,"OneXPlayer Onexfly Apex AI MAX+ 395 8"" Handheld Gaming PC 48GB+1TB Liquid Cooled",3455.08,OneXPlayer Apex,L2,"""AI Max+ 395""",China,https://www.ebay.com.au/itm/376929942542
377005504566,"OneXPlayer Apex MAX+ 395 8"" Handheld Gaming PC Liquid-cooled With Frost Bay NEW!",3455.08,OneXPlayer Apex,L1,ONEXFLY Apex 395,China,https://www.ebay.com.au/itm/377005504566
206100146326,"OneXPlayer Apex MAX+ 395 8"" Handheld Gaming PC Water Cooled With Frost Bay",3455.08,OneXPlayer Apex,L1,ONEXFLY Apex 395,China,https://www.ebay.com.au/itm/206100146326
376934092018,EVO-X2 AI MAX+ Mini PC | Ryzen AI 395 | 96GB LPDDR5X | 1TB PCIe 4.0 | Open Box,3511.87,EVO-X2 Mini PC,L2,Ryzen AI Max PRO 395,United States,https://www.ebay.com.au/itm/376934092018
206100382441,"OneXPlayer Apex MAX+ 395 8"" Handheld Gaming PC Water Cooled With Frost Bay",3511.99,OneXPlayer Apex,L1,ONEXFLY Apex 395,China,https://www.ebay.com.au/itm/206100382441
376931235105,"In stock - OneXPlayer Onexfly Apex MAX+ 395 8"" Handheld PC 48GB+1TB Water Cooled",3530.88,OneXPlayer Apex,L1,ONEXFLY Apex 395,China,https://www.ebay.com.au/itm/376931235105
117153408673,HP ZBook Ultra G1a/AMD Ryzen™ AI Max+ 395/64GB ULTRA 14 INCH G1A BASE NB PC 1tb,3589.78,HP ZBook Ultra G1a,L2,"""Ryzen AI Max+ 395""",United States,https://www.ebay.com.au/itm/117153408673
336506370313,GPD WIN 5 AMD Ryzen AI MAX+ 395 Gaming Handheld Console 32GB RAM + 512GB SSD,3606.22,GPD WIN 5,L2,"""Ryzen AI Max+ 395""",China,https://www.ebay.com.au/itm/336506370313
287287702515,Asus ROG Flow Z13 GZ302 13 QHD TOUCH RYZEN AI MAX+ 395 128GB 1TB Cracked Screen,3666.14,ASUS ROG Flow Z13,L2,"""Ryzen AI Max+ 395""",United States,https://www.ebay.com.au/itm/287287702515
336508371314,GPD WIN 5 AMD Ryzen AI MAX+ 395 Gaming Handheld Console 32GB RAM + 1TB SSD,3700.68,GPD WIN 5,L2,"""Ryzen AI Max+ 395""",China,https://www.ebay.com.au/itm/336508371314
127746363347,"Asus ROG Flow Z13 2.5K 13.3 180Hz, AMD RYZEN AI MAX+ 395, 64GB RAM 1TB SSD 8060S",3711.89,ASUS ROG Flow Z13,L2,"""Ryzen AI Max+ 395""",United States,https://www.ebay.com.au/itm/127746363347
277899579458,Asus ROG Flow Z13 GZ302 180Hz QHD TOUCH RYZEN AI MAX+ 395 128GB 1TB -FRAME SPLIT,3711.97,ASUS ROG Flow Z13,L2,"""Ryzen AI Max+ 395""",United States,https://www.ebay.com.au/itm/277899579458
236036234790,"ASUS ROG Flow Z13 GZ302EA-RU007W 13.4"" AMD AI Max+ 395 32GB/1TB Laptop",3735.59,ASUS ROG Flow Z13,L2,"""AI Max+ 395""",South Korea,https://www.ebay.com.au/itm/236036234790
287275829059,Asus ROG Flow Z13 GZ302 180Hz QHD TOUCH RYZEN AI MAX+ 395 128GB 1TB - ODOR ISSUE,3742.52,ASUS ROG Flow Z13,L2,"""Ryzen AI Max+ 395""",United States,https://www.ebay.com.au/itm/287275829059
376613883941,GPD WIN 5 AMD Ryzen AI MAX+ 395 64GB+2TB Handheld Gaming PC Removable battery,3742.54,GPD WIN 5,L2,"""Ryzen AI Max+ 395""",China,https://www.ebay.com.au/itm/376613883941
376652745606,GPD WIN 5 Handheld gaming PC AMD Ryzen AI MAX+ 395 64GB+2TB Removable Battery,3742.54,GPD WIN 5,L2,"""Ryzen AI Max+ 395""",China,https://www.ebay.com.au/itm/376652745606
376769433029,GPD WIN 5 Handheld gaming PC AMD Ryzen AI MAX+ 395 64GB+2TB Removable Battery,3742.54,GPD WIN 5,L2,"""Ryzen AI Max+ 395""",China,https://www.ebay.com.au/itm/376769433029
205775828810,GPD WIN 5 AMD Ryzen AI MAX+ 395 64GB+2TB Handheld Gaming Console,3742.54,GPD WIN 5,L3,"""AI Max+ 395"" handheld",China,https://www.ebay.com.au/itm/205775828810
376637867212,GPD WIN 5 AMD Ryzen AI MAX+ 395 64GB+2TB Handheld Game Console Mini PC New!!,3776.47,GPD WIN 5,L2,"""Ryzen AI Max+ 395""",China,https://www.ebay.com.au/itm/376637867212
389667123058,"ONEXFLY APEX ：World's Most Powerful 8"" Gaming Handheld Ryzen AI Max+ 395 48G+1TB",3776.47,OneXPlayer Apex,L2,"""Ryzen AI Max+ 395""",United Kingdom,https://www.ebay.com.au/itm/389667123058
205931902037,"OneXPlayer Super X 14"" Laptop + Tablet 2-in-1 AI MAX+ 395 Windows PC +Keyboard",3776.47,OneXPlayer Super X,L3,"""AI Max+ 395"" laptop",China,https://www.ebay.com.au/itm/205931902037
205798143517,GPD WIN 5 AMD Ryzen AI MAX+ 395 64GB+2TB Gaming PC Handheld Game Console,3776.47,GPD WIN 5,L3,"""AI Max+ 395"" handheld",China,https://www.ebay.com.au/itm/205798143517
336521126341,"OneXPlayer Apex AI MAX+ 395 8"" Handheld Gaming PC 48GB - 96GB RAM Mini PC",3778.14,OneXPlayer Apex,L2,"""AI Max+ 395""",China,https://www.ebay.com.au/itm/336521126341
287287648026,Asus ROG Flow Z13 GZ302 13.4 180Hz QHD TOUCH 3.0GHz RYZEN AI MAX+ 395 128GB 1TB,3780.72,ASUS ROG Flow Z13,L2,"""Ryzen AI Max+ 395""",United States,https://www.ebay.com.au/itm/287287648026
297311209180,"ASUS ROG Touchscreen 13.4"" 2-in-1 Laptop AMD Ryzen AI MAX+ 395 32GB RAM 1TB SSD",3799.15,Other,L2,"""Ryzen AI Max+ 395""",United States,https://www.ebay.com.au/itm/297311209180
336508371613,GPD WIN 5 AMD Ryzen AI MAX+ 395 Gaming Handheld Console 32GB RAM + 2TB SSD,3814.03,GPD WIN 5,L2,"""Ryzen AI Max+ 395""",China,https://www.ebay.com.au/itm/336508371613
236729525186,"NIMO Mini PC Desktop, AMD Ryzen AI Max+ 395 128GB LPDDR5 8000MHz RAM 1TB SSD",3818.9,NIMO Mini PC,L2,"""Ryzen AI Max+ 395""",United States,https://www.ebay.com.au/itm/236729525186
397865586806,Asus ROG Flow Z13 GZ302 13.4 180Hz TOUCH 3.0 GHz RYZEN AI MAX+ 395 128GB 1TB SSD,3818.9,ASUS ROG Flow Z13,L2,"""Ryzen AI Max+ 395""",United States,https://www.ebay.com.au/itm/397865586806
297929262825,Asus ROG Flow Z13 GZ302 13 180Hz QHD+ TOUCH 3.0GHz RYZEN AI MAX+ 395 128GB 1TB,3818.9,ASUS ROG Flow Z13,L2,"""Ryzen AI Max+ 395""",United States,https://www.ebay.com.au/itm/297929262825
236079966878,2025 ASUS ROG FLOW Z13 AMD AI Max+ 395 32G 1TB 13.4 2.5K 500nits Dolby Vision,3874.46,ASUS ROG Flow Z13,L2,"""AI Max+ 395""",South Korea,https://www.ebay.com.au/itm/236079966878
376786121749,"OneXPlayer Super X 14"" AMD AI MAX+ 395 Laptop + Tablet 2 in 1 Max. 128GB RAM",3886.96,OneXPlayer Super X,L2,"""AI Max+ 395""",China,https://www.ebay.com.au/itm/376786121749
205931563072,OneXPlayer Super X 14 in AMD AI MAX+ 395 Laptop + Tablet 2 in 1 Max. 128GB RAM,3886.96,OneXPlayer Super X,L3,"""AI Max+ 395"" laptop",China,https://www.ebay.com.au/itm/205931563072
376788756827,"OneXPlayer Super X 14"" AMD AI MAX+ 395 Laptop + Tablet 2-in-1 Max. 128GB",3965.39,OneXPlayer Super X,L2,"""AI Max+ 395""",China,https://www.ebay.com.au/itm/376788756827
137191361710,"HP ZBook Ultra G1A 14"" Laptop: AMD Ryzen AI Max+ PRO 395 64GB RAM 1TB SSD OLED",3965.39,HP ZBook Ultra G1a,L2,Ryzen AI Max PRO 395,United Kingdom,https://www.ebay.com.au/itm/137191361710
336522600586,"OneXPlayer Apex AI MAX+ 395 8"" Handheld Gaming PC 48GB RAM+1TB SSD Mini PC",3967.06,OneXPlayer Apex,L2,"""AI Max+ 395""",China,https://www.ebay.com.au/itm/336522600586
389872756162,ROG Flow Z13 Max395+ 32GB Gaming Laptop Official,4030.63,ASUS ROG Flow Z13,L1,ROG Flow Z13 395,South Korea,https://www.ebay.com.au/itm/389872756162
406226265988,"2025 ASUS ROG FLOW Z13 AMD AI Max+ 395 32G 1TB 13.4"" 2.5K ROG Nebula",4049.69,ASUS ROG Flow Z13,L2,"""AI Max+ 395""",Taiwan,https://www.ebay.com.au/itm/406226265988
336510138245,GPD WIN 5 AMD Ryzen AI MAX+ 395 Gaming Handheld Console 64GB RAM + 512GB SSD,4078.52,GPD WIN 5,L2,"""Ryzen AI Max+ 395""",China,https://www.ebay.com.au/itm/336510138245
376863577264,GPD WIN 5 Handheld gaming PC AMD Ryzen AI MAX+ 395 64GB+2TB+Carry Bag+Dock,4164.7,GPD WIN 5,L2,"""Ryzen AI Max+ 395""",China,https://www.ebay.com.au/itm/376863577264
227134241451,"ASUS ROG Flow Z13 GZ302EA-RU110W 13.4"" AMD AI Max+ 395 64GB/1TB Win11 Laptop",4186.92,ASUS ROG Flow Z13,L3,"""AI Max+ 395"" laptop",South Korea,https://www.ebay.com.au/itm/227134241451
336510138465,GPD WIN 5 AMD Ryzen AI MAX+ 395 Gaming Handheld Console 64GB RAM + 1TB SSD,4210.76,GPD WIN 5,L2,"""Ryzen AI Max+ 395""",China,https://www.ebay.com.au/itm/336510138465
236036985291,2025 ASUS ROG FLOW Z13 AMD AI Max+ 395 64G 1TB 13.4 2.5K 500nits Dolby Vision,4221.64,ASUS ROG Flow Z13,L2,"""AI Max+ 395""",South Korea,https://www.ebay.com.au/itm/236036985291
336508371895,GPD WIN 5 AMD Ryzen AI MAX+ 395 Gaming Handheld Console 32GB RAM + 4TB SSD,4229.65,GPD WIN 5,L2,"""Ryzen AI Max+ 395""",China,https://www.ebay.com.au/itm/336508371895
267208807260,"ASUS ROG Flow Z13 GZ302EA-RU110W 13.4"" AMD AI Max+ 395 64GB/1TB Win11 Laptop",4235.52,ASUS ROG Flow Z13,L2,"""AI Max+ 395""",South Korea,https://www.ebay.com.au/itm/267208807260
205810181637,GPD WIN 5 AMD Ryzen AI MAX+ 395  64GB 2TB Replace battery + 1TB MINI SSD,4343.23,GPD WIN 5,L1,"GPD WIN 5 ""AI Max+ 395""",China,https://www.ebay.com.au/itm/205810181637
336510139108,GPD WIN 5 AMD Ryzen AI MAX+ 395 Gaming Handheld Console 64GB RAM + 2TB SSD,4344.89,GPD WIN 5,L2,"""Ryzen AI Max+ 395""",China,https://www.ebay.com.au/itm/336510139108
377077746095,"OneXPlayer Super X 14"" 2in1 Tablet Laptop AMD AI MAX+ 395 64GB+1TB Water Cooling",4386.89,OneXPlayer Super X,L2,"""AI Max+ 395""",China,https://www.ebay.com.au/itm/377077746095
376887733337,"OneXPlayer Super X 14"" 2in1 Tablet Laptop AMD AI MAX+ 395 Water Cooling Version",4386.89,OneXPlayer Super X,L2,"""AI Max+ 395""",China,https://www.ebay.com.au/itm/376887733337
327063646546,GPD WIN 5 AMD Ryzen AI MAX+ 395 64GB+2TB Gaming Handheld Console New,4391.98,GPD WIN 5,L3,"""AI Max+ 395"" gaming",China,https://www.ebay.com.au/itm/327063646546
127764885798,GPD WIN 5 AMD Ryzen AI MAX+ 395 64GB+2TB Gaming Handheld Console New,4459.99,GPD WIN 5,L2,"""Ryzen AI Max+ 395""",China,https://www.ebay.com.au/itm/127764885798
389648930131,"ONEXFLY APEX ：World's Most Powerful 8"" Gaming Handheld Ryzen AI Max+ 395 64G+2TB",4532.15,OneXPlayer Apex,L2,"""Ryzen AI Max+ 395""",United Kingdom,https://www.ebay.com.au/itm/389648930131
377115106500,"OneXPlayer Super X 14"" 2-in-1 Tablet+Laptop AI MAX+ 395 64GB+1TB Water Cooled",4532.15,OneXPlayer Super X,L2,"""AI Max+ 395""",China,https://www.ebay.com.au/itm/377115106500
376887747739,"OneXPlayer Super X 14"" 2in1 Tablet Laptop AMD AI MAX+ 395 Water Cooled Version",4532.15,OneXPlayer Super X,L2,"""AI Max+ 395""",China,https://www.ebay.com.au/itm/376887747739
317647580481,GPD WIN 5 AMD Ryzen AI MAX+ 395 32GB+2TB Gaming Handheld Console new-,4581.17,GPD WIN 5,L2,"""Ryzen AI Max+ 395""",China,https://www.ebay.com.au/itm/317647580481
317647570070,WGPD IN 5 AMD Ryzen AI MAX+ 395 32GB+2TB Gaming Handheld Console new,4581.17,Other,L2,"""Ryzen AI Max+ 395""",China,https://www.ebay.com.au/itm/317647570070
336512262830,GPD WIN 5 AMD Ryzen AI MAX+ 395 Gaming Handheld Console 64GB RAM + 4TB SSD,4683.06,GPD WIN 5,L2,"""Ryzen AI Max+ 395""",China,https://www.ebay.com.au/itm/336512262830
336522600722,"OneXPlayer Apex AI MAX+ 395 8"" Handheld Gaming PC 64GB RAM+2TB SSD Mini PC",4684.94,OneXPlayer Apex,L2,"""AI Max+ 395""",China,https://www.ebay.com.au/itm/336522600722
389722139473,OneXPlayer Super X Gaming Tablet-Laptop Hybrid 64 GB RAM 1TB Ai Max 395  NEW,4721.07,OneXPlayer Super X,L2,"""AI Max+ 395""",United Kingdom,https://www.ebay.com.au/itm/389722139473
157413650166,"ASUS ROG Flow Z13 GZ302EA-RU007W 13.4"" AMD AI Max+ 395 32GB/1TB Win11 Laptop",4826.23,ASUS ROG Flow Z13,L2,"""AI Max+ 395""",South Korea,https://www.ebay.com.au/itm/157413650166
277904216317,"MINIX Mini PC ER939-AI Ryzen AI Max+ 395, 128G DDR5/2TB Wifi 7 BT5.4 HDMI 2.1,",4835.96,MINIX ER939-AI,L2,"""Ryzen AI Max+ 395""",New Zealand,https://www.ebay.com.au/itm/277904216317
357587193859,"ASUS ROG Flow Z13 GZ302EA-RU007W / Win11 13.4"" AMD AI Max+ 395 32GB/1TB",4937.74,ASUS ROG Flow Z13,L1,"ROG Flow Z13 ""AI Max+ 395""",South Korea,https://www.ebay.com.au/itm/357587193859
188289267024,"MINIX Mini PC ER939-AI Ryzen AI Max+ 395, 128G DDR5/2TB Wifi 7 BT5.4 HDMI 2.1,",5060.08,MINIX ER939-AI,L2,"""Ryzen AI Max+ 395""",New Zealand,https://www.ebay.com.au/itm/188289267024
336522600914,"OneXPlayer Apex AI MAX+ 395 8"" Handheld Gaming PC 96GB RAM+2TB SSD Mini PC",5100.56,OneXPlayer Apex,L2,"""AI Max+ 395""",China,https://www.ebay.com.au/itm/336522600914
377104874532,ONEXPLAYER ONEXStation i1 MINI PC AI Max+395 128GB+1TB MINI Workstation,5275.66,OneXPlayer ONEXStation i1,L2,"""AI Max+ 395""",China,https://www.ebay.com.au/itm/377104874532
357635657415,"ASUS ROG Flow Z13 GZ302EA-RU007W / Win11 13.4"" AMD AI Max+ 395 32GB/1TB",5358.55,ASUS ROG Flow Z13,L2,"""AI Max+ 395""",South Korea,https://www.ebay.com.au/itm/357635657415
377104999895,ONEXPLAYER ONEXStation i1 MINI Workstation AI Max+395 128GB RAM + 1TB SSD,5476.74,OneXPlayer ONEXStation i1,L2,"""AI Max+ 395""",China,https://www.ebay.com.au/itm/377104999895
206201878706,ROG Flow Z13 High-End Windows Tablet with Ryzen 395 CPU Official,5547.95,ASUS ROG Flow Z13,L1,ROG Flow Z13 395,South Korea,https://www.ebay.com.au/itm/206201878706
389870795558,ROG Flow Z13 High-End Windows Tablet with Ryzen 395 CPU Official,5547.95,ASUS ROG Flow Z13,L1,ROG Flow Z13 395,South Korea,https://www.ebay.com.au/itm/389870795558
188263046356,ROG Flow Z13 High-End Windows Tablet with Ryzen 395 CPU Official,5547.95,ASUS ROG Flow Z13,L1,ROG Flow Z13 395,South Korea,https://www.ebay.com.au/itm/188263046356
357587185829,"ASUS ROG Flow Z13 GZ302EA-RU110W / Win11 13.4"" AMD AI Max+ 395 64GB/1TB",5552.09,ASUS ROG Flow Z13,L1,"ROG Flow Z13 ""AI Max+ 395""",South Korea,https://www.ebay.com.au/itm/357587185829
157333579159,2025 ASUS ROG FLOW Z13 GZ302E AI Max+ 395 128G 1TB 8060S/W11 Laptop,5585.8,ASUS ROG Flow Z13,L2,"""AI Max+ 395""",Taiwan,https://www.ebay.com.au/itm/157333579159
188260913470,ROG Flow Z13 High-End Windows Tablet with Ryzen 395 CPU Official,5635.16,ASUS ROG Flow Z13,L1,ROG Flow Z13 395,South Korea,https://www.ebay.com.au/itm/188260913470
187601439731,HP Z2 Mini G1a AMD Ryzen AI Max+ PRO 395 128G 2TSSD W11H 300W 8060 S GPU,5700.15,HP Z2 G1a Mini,L2,Ryzen AI Max PRO 395,China,https://www.ebay.com.au/itm/187601439731
177443155244,HP Z2 Mini G1a AMD Ryzen AI Max+ PRO 395/128G/2TSSD/W11H 300W 8060 S GPU,5700.15,HP Z2 G1a Mini,L2,Ryzen AI Max PRO 395,China,https://www.ebay.com.au/itm/177443155244
366233459165,HP ZBook Ultra G1a B30FDES 14'' 2.8K OLED Touch AMD Ryzen AI Max Pro 395 16 Core,5719.0,HP ZBook Ultra G1a,L2,Ryzen AI Max PRO 395,Switzerland,https://www.ebay.com.au/itm/366233459165
297910255236,HP ZBook Ultra G1a B30FDES 14'' 2.8K OLED Touch AMD Ryzen AI Max Pro 395 16 Core,5897.79,HP ZBook Ultra G1a,L2,Ryzen AI Max PRO 395,Germany,https://www.ebay.com.au/itm/297910255236
298072886065,HP ZBook Ultra G1a CW0H2ES 14'' 2.8K OLED Touch AMD Ryzen AI Max+ PRO 395 16,5902.05,HP ZBook Ultra G1a,L2,Ryzen AI Max PRO 395,Switzerland,https://www.ebay.com.au/itm/298072886065
168325966544,"ROG Flow X13 (2025) AMD Ryzen AI Max+ 395 ,64GB RAM+1TB SSD Notebook Computers",5970.0,ASUS ROG Flow X13,L2,"""Ryzen AI Max+ 395""",China,https://www.ebay.com.au/itm/168325966544
205630010925,"ROG Flow X13 (2025) AMD Ryzen AI Max+ 395 ,64GB RAM+1TB SSD Notebook Computers",5971.39,ASUS ROG Flow X13,L2,"""Ryzen AI Max+ 395""",China,https://www.ebay.com.au/itm/205630010925
127255549649,"ROG Flow X13 (2025) AMD Ryzen AI Max+ 395 ,64GB RAM+1TB SSD Notebook Computers",5971.39,ASUS ROG Flow X13,L2,"""Ryzen AI Max+ 395""",China,https://www.ebay.com.au/itm/127255549649
127255672970,"ROG Flow X13 (2025) AMD Ryzen AI Max+ 395 ,64GB RAM+1TB SSD Notebook Computers",5971.39,ASUS ROG Flow X13,L2,"""Ryzen AI Max+ 395""",China,https://www.ebay.com.au/itm/127255672970
357634483802,"ASUS ROG Flow Z13 GZ302EA-RU110W / Win11 13.4"" AMD AI Max+ 395 64GB/1TB",6025.26,ASUS ROG Flow Z13,L2,"""AI Max+ 395""",South Korea,https://www.ebay.com.au/itm/357634483802
297910255230,HP ZBook Ultra G1a CW0H2ES 14'' 2.8K OLED Touch AMD Ryzen AI Max+ PRO 395 16,6081.1,HP ZBook Ultra G1a,L2,Ryzen AI Max PRO 395,Germany,https://www.ebay.com.au/itm/297910255230
376620785762,MINISFORUM MS-S1 Max MINI PC AMD Ryzen AI Max+ 395 AI Workstation 128GB+2TB NEW,6108.87,MinisForum MS-S1 Max,L2,"""Ryzen AI Max+ 395""",China,https://www.ebay.com.au/itm/376620785762
205784269500,MINISFORUM MINI PC MS-S1 Max AMD Ryzen AI Max+ 395 AI Workstation 128GB +2TB,6108.87,Other,L2,Ryzen AI Max PRO 395,China,https://www.ebay.com.au/itm/205784269500
177435873250,ROG Flow X13 (2025) AMD Ryzen AI Max  395 64GB RAM 1TB SSD Notebook Computers,6190.5,ASUS ROG Flow X13,L3,"""AI Max+ 395"" notebook",China,https://www.ebay.com.au/itm/177435873250
257310347554,MinisForum MS-S1 Max Ryzen AI Max+ 395 RAM 128GB SSD 2TB DDR5 M.2 2280 W11P,6305.93,MinisForum MS-S1 Max,L2,"""Ryzen AI Max+ 395""",Israel,https://www.ebay.com.au/itm/257310347554
206104713711,MINISFORUM MS-S1 Max AMD Ryzen AI Max+395 Powerful AI Workstation 128GB+2TB SSD,6421.33,MinisForum MS-S1 Max,L2,Ryzen AI Max PRO 395,China,https://www.ebay.com.au/itm/206104713711
377002417429,MINISFORUM MS-S1 Max MINI PC AMD Ryzen AI Max+ 395 AI Compact PC 128GB+2TB,6421.33,MinisForum MS-S1 Max,L1,ONEXStation 395,China,https://www.ebay.com.au/itm/377002417429
297912341334,HP ZBook Ultra G1a B30FDES 14'' 2.8K OLED Touch AMD Ryzen AI Max Pro 395 16 Core,6470.7,HP ZBook Ultra G1a,L2,Ryzen AI Max PRO 395,Austria,https://www.ebay.com.au/itm/297912341334
366105889245,HP ZBook Ultra G1a CW0H2ES 14'' 2.8K OLED Touch AMD Ryzen AI Max+ PRO 395 16,6677.6,HP ZBook Ultra G1a,L2,Ryzen AI Max PRO 395,Austria,https://www.ebay.com.au/itm/366105889245
397889452294,HP Z2 Mini G1a Workstation Ryzen AI Max+ PRO 395 128GB RAM 2TB SSD Warranty,6810.5,HP Z2 G1a Mini,L2,Ryzen AI Max PRO 395,United Kingdom,https://www.ebay.com.au/itm/397889452294
226807664400,"HP Zbook Ultra 14 G1a 14"" Mobile Workstation, Ryzen AI Max Pro 395, 64GB RAM,...",6818.0,HP ZBook Ultra G1a,L2,Ryzen AI Max PRO 395,Unknown,https://www.ebay.com.au/itm/226807664400
317918155792,Mingfan MS-S1 MAX PC Desktop Mini Tower Workstation (AI Max+ 395)  128GB+2TB.,6843.49,MinisForum MS-S1 Max,L2,"""AI Max+ 395""",China,https://www.ebay.com.au/itm/317918155792
168322566906,"ROG Flow X13 (2025), AMD Ryzen AI AI Max+ 395 ,128GB RAM+1TB SSD Notebook New",6928.2,ASUS ROG Flow X13,L2,"""AI Max+ 395""",China,https://www.ebay.com.au/itm/168322566906
127196289337,"ROG Flow X13 (2025) AMD Ryzen AI Max+ 395 ,128GB RAM+1TB SSD Notebook Computers",6929.59,ASUS ROG Flow X13,L2,"""Ryzen AI Max+ 395""",China,https://www.ebay.com.au/itm/127196289337
205580645488,"ROG Flow X13 (2025) AMD Ryzen AI Max+ 395 ,128GB RAM+1TB SSD Notebook Computers",6929.59,ASUS ROG Flow X13,L2,"""Ryzen AI Max+ 395""",China,https://www.ebay.com.au/itm/205580645488
127175719979,"ROG Flow X13 (2025) AMD Ryzen AI Max+ 395 ,128GB RAM+1TB SSD Notebook Computers",6929.59,ASUS ROG Flow X13,L2,"""Ryzen AI Max+ 395""",China,https://www.ebay.com.au/itm/127175719979
376879585236,"ROG Flow X13 (2025) AMD Ryzen AI Max+ 395 ,128GB RAM+1TB SSD Notebook Computers",6929.59,ASUS ROG Flow X13,L3,"""AI Max+ 395"" notebook",China,https://www.ebay.com.au/itm/376879585236
147170923557,A40PZET#ABU HP Z2 Mini G1a AI Max+ PRO 395 64GB 1.000 ~D~,7156.55,HP Z2 G1a Mini,L2,"""AI Max+ PRO 395""",Germany,https://www.ebay.com.au/itm/147170923557
116712102651,ROG Flow X13 (2025) AMD Ryzen AI Max+ 395 128gb ram+1tb ssd,7166.32,ASUS ROG Flow X13,L4,"""128GB"" ""Ryzen AI Max""",China,https://www.ebay.com.au/itm/116712102651
256928280930,"HP ZBook Ultra 14 G1a 14"" WUXGA AMD AI MAX+ 395 64GB 1TB SSD W11P 3YR",7212.0,HP ZBook Ultra G1a,L2,"""AI Max+ 395""",Unknown,https://www.ebay.com.au/itm/256928280930
365767604928,ROG Flow X13 (2025) AMD Ryzen AI Max+ 395 128gb ram+1tb ssd,7273.35,ASUS ROG Flow X13,L2,"""Ryzen AI Max+ 395""",China,https://www.ebay.com.au/itm/365767604928
267559926415,"NEW ZBU(BG1Q2PT) HP ZBOOK ULTRA 14 G1A, 14"" WUXGA, AMD AI MAX+ 395, 64GB, 1TB.c",7474.95,HP ZBook Ultra G1a,L2,"""AI Max+ 395""","10 to 49"",""star_2"":""Blue star for feedback score from 50 to 99"",""star_3"":""Turquoise star for feedback score from 100 to 499"",""star_4"":""Purple star for feedback score from 500 to 999"",""star_5"":""Red star for feedback score from 1,000 to 4,999"",""star_6"":""Green star for feedback score from 5,000 to 9,999"",""star_7"":""Yellow shooting star for feedback score from 10,000 to 24,999"",""star_8"":""Turquoise shooting star for feedback score from 25,000 to 49,999"",""star_9"":""Purple shooting star for feedback score from 50,000 to 99,999"",""star_10"":""Red shooting star for feedback score from 100,000 to 499,999"",""star_11"":""Green shooting star for feedback score from 500,000 to 999,999"",""star_12"":""Silver shooting star for feedback score from 1,000,000 or more"",""fsom_text"":""Switch to mobile site"",""footerCopyrightText"":""Copyright © 1995-{currentYear} eBay Inc. All Rights Reserved."",""and"":""and"",""notifications"":""Notifications"",""a11yExpandMenu"":""Expand menu"",""a11yExpandMyEbay"":""Expand My eBay"",""a11yExpandLanguage"":""Expand language"",""a11yExpandNotifications"":""Expand notifications"",""a11yExpandWatchList"":""Expand Watchlist"",""a11yExpandCart"":""Expand cart"",""a11yExpandSellMenu"":""Expand Sell menu"",""a11yCollapseMenu"":""Collapse menu"",""a11yCollapseMyEbay"":""Collapse My eBay"",""a11yCollapseLanguage"":""Collapse language"",""a11yCollapseNotifications"":""Collapse notifications"",""a11yCollapseWatchList"":""Collapse Watchlist"",""a11yCollapseCart"":""Collapse cart"",""a11yCollapseSellMenu"":""Collapse Sell menu"",""shipToLabel"":""Send to"",""shipToErrMsg"":""Error: Try again"",""shipToLoading"":""Loading"",""shipToCloseDialog"":""Close dialogue"",""shipToAddAddressLink"":""Add address"",""gfFlagChangeSite"":""change site"",""a11ySelectedLanguage"":""Select language. Current:"",""currencyPreferenceFooterLink"":""Currency preferences"",""selectedCurrencySnackbarMessage"":""You are shopping in {selectedCurrency}"",""changeSelectedCurrencySnackbarAction"":""Change""},""gh_gadgetDomain"":""https://www.ebay.com.au""},""w"":[[""s0-1-4"",0,{}],[""s0-1-4-0-0"",1,{}],[""s0-1-4-0-2"",2,{}],[""s0-1-4-1-0"",3,{""resources"":[{""name"":""widgetDeliveryPlatform"",""url"":""https://ir.ebaystatic.com/cr/v/c1/globalheader_widget_platform__v2-b70676194b.js""},{""name"":""behaviorJsCollection"",""url"":""https://ir.ebaystatic.com/cr/v/c01/aW5ob3VzZWpzMTc2MDM5NjA0OTQ3Ng==-1.0.0.min.js""},{""name"":""autoTrackingWidget"",""url"":""https://ir.ebaystatic.com/cr/v/c01/89466f2c-a8ad-4fb1-83ee-683e13ae2786.min.js""},{""name"":""webResourceTracker"",""url"":""https://ir.ebaystatic.com/rs/v/mjgerh5fmy51nnbwjoml1g1juqs.js""},{""name"":""inflowHelp"",""url"":""/ifh/inflowcomponent?callback=Inflow.cb""}]},{""f"":1}],[""s0-1-4-2"",4,{},{""f"":1}],[""s0-1-4-3"",5,{}],[""s0-1-4-6-3[0]-0"",6,{""links"":{""SIGN_IN_DEFAULT"":{""url"":""https://signin.ebay.com.au/ws/eBayISAPI.dll?SignIn"",""_sp"":""m570.l1524""},""SIGN_IN_RECOGNIZED"":{""url"":""https://signin.ebay.com.au/ws/eBayISAPI.dll?SignIn"",""_sp"":""m570.l2620""},""REGISTER"":{""url"":""https://signup.ebay.com.au/pa/crte"",""_sp"":""m570.l2621""},""SIGN_OUT"":{""url"":""https://signin.ebay.com.au/ws/eBayISAPI.dll?SignIn&lgout=1"",""_sp"":""m570.l2622""},""MY_COLLECTIONS"":{""url"":""https://www.ebay.com.au/cln/_mycollections"",""_sp"":""m570.l4461""},""ACCOUNT_SETTINGS"":{""url"":""https://accountsettings.ebay.com.au/uas"",""_sp"":""m570.l3399""},""PROFILE_MY_WORLD"":{""url"":""https://www.ebay.com.au/usr/@@"",""_sp"":""m570.l3331""},""PROFILE_FEEDBACK"":{""url"":""https://www.ebay.com.au/fdbk/feedback_profile/@@"",""_sp"":""m570.l3333""}},""isMyeBayNavPhase1Enabled"":false},{""f"":1,""s"":{""server"":true,""user"":{""isAuthenticatedUser"":false,""isRecognizedUser"":false},""loaded"":false,""error"":false,""errorCode"":"""",""signin_url"":""""}}],[""s0-1-4-6-3[0]-0-8"",7,{},{""f"":1,""s"":{""signInURL"":""https://signin.ebay.com.au/ws/eBayISAPI.dll?SignIn&sgfl=gh"",""registerationURL"":""https://signup.ebay.com.au/pa/crte""}}],[""s0-1-4-6-8"",8,{},{""f"":1,""s"":{""open"":false,""showAddressDialog"":false,""error"":false,""loaded"":false,""shipToText"":"""",""label"":"""",""loading"":false,""showShipTo"":false},""u"":[""postalCode"",""countryName""]}],[""s0-1-4-6-9"",9,{}],[""s0-1-4-6-12-0"",10,{""domain"":""https://www.ebay.com.au""},{""f"":1,""s"":{""init"":false,""error"":false,""loading"":true,""loaded"":false,""isSignedIn"":false}}],[""s0-1-4-6-13"",11,{""isMyeBayNavPhase1Enabled"":false}],[""s0-1-4-6-13-0"",12,{""class"":""gh-my-ebay"",""align"":""left"",""a11yExpandLabel"":""Expand My eBay"",""a11yCollapseLabel"":""Collapse My eBay"",""showChevron"":true,""href"":""https://www.ebay.com.au/mys/home?source=GBH"",""sp"":""m570.l2919"",""customToggleEvent"":""GHMYEBAY_TOGGLE_FLYOUT"",""disableOnSomeTouchDevices"":true,""disableOnVerySmallScreens"":true,""target"":{},""dialog"":{}},{""e"":[[""open"",""handleOpen"",false,[""m570.l2919""]]],""f"":1,""p"":""s0-1-4-6-13"",""s"":{""isActive"":false},""u"":[""linkOnly""]}],[""s0-1-4-6-14-0"",13,{""signInURL"":""https://signin.ebay.com.au/""},{""f"":1,""s"":{""notificationCount"":0,""error"":false,""isSignedIn"":false,""loading"":true,""loaded"":false}}],[""s0-1-4-6-15-1"",14,{""model"":{""url"":""https://cart.ebay.com.au"",""sp"":""m570.l2633"",""exc"":""2495737""}},{""f"":1,""s"":{""error"":false,""loaded"":false,""cartCount"":0}}],[""s0-1-4-9-0"",15,{""cols"":[[{""parent"":{""title"":""Your shopping destination for the best selection and value in electronics and accessories"",""sp"":""3413"",""url"":""https://www.ebay.com.au/b/Electronics/bn_7000259947"",""txt"":""Electronics""},""children"":[{""sp"":""3652"",""url"":""https://www.ebay.com.au/b/Phones-Smart-Watches-Accessories/15032/bn_1843097"",""txt"":""Phones & Accessories""},{""sp"":""3653"",""url"":""https://www.ebay.com.au/b/Computers-Tablets-Network-Hardware/58058/bn_1843425"",""txt"":""Computer Tablets & Networking""},{""sp"":""3275"",""url"":""https://www.ebay.com.au/b/Video-Games-Consoles/1249/bn_1843054"",""txt"":""Video Games & Consoles""},{""sp"":""3413"",""url"":""https://www.ebay.com.au/b/Electronics/293/bn_1843282"",""txt"":""Consumer Electronics""}]},{""parent"":{""title"":""Buy and sell cars, trucks, vehicle parts, and accessories"",""sp"":""3411"",""url"":""https://www.ebay.com.au/b/Motors/bn_7001220158"",""txt"":""Motors""},""children"":[{""sp"":""3641"",""url"":""https://www.ebay.com.au/b/Cars/29690/bn_1843284"",""txt"":""Cars""},{""sp"":""3640"",""url"":""https://www.ebay.com.au/b/Vehicle-Parts-Accessories/131090/bn_1843062"",""txt"":""Car, Truck Parts""},{""sp"":""3642"",""url"":""https://www.ebay.com.au/b/Motorcycles/32073/bn_1843321"",""txt"":""Motorcycles""},{""sp"":""4180"",""url"":""https://www.ebay.com.au/b/Boats/26429/bn_1843267"",""txt"":""Boats""}]},{""parent"":{""title"":""Home & garden"",""sp"":""3412"",""url"":""https://www.ebay.com.au/b/Home-Garden/11700/bn_1843023"",""txt"":""Home & Garden""},""children"":[{""sp"":""3646"",""url"":""https://www.ebay.com.au/b/Yard-Garden-Outdoor-Living-Products/159912/bn_1843117"",""txt"":""Yard, Garden & Outdoor Living""},{""sp"":""3847"",""url"":""https://www.ebay.com.au/b/Home-Furniture/3197/bn_1617252"",""txt"":""Furniture""},{""sp"":""2858"",""url"":""https://www.ebay.com.au/b/Kitchen-Dining-Bar-Items/20625/bn_1843226"",""txt"":""Kitchen, Dining, Bar""},{""sp"":""3647"",""url"":""https://www.ebay.com.au/b/Art-Craft-Supplies/14339/bn_1843083"",""txt"":""Crafts""}]}],[{""parent"":{""title"":""Your new destination for Clothing, Shoes & Accessories on eBay"",""sp"":""3409"",""url"":""https://www.ebay.com.au/b/Clothing-Shoes-Accessories/11450/bn_1843016"",""txt"":""Clothing Shoes & Accessories""},""children"":[{""sp"":""3632"",""url"":""https://www.ebay.com.au/b/Womens-Clothing-Shoes-Accessories/260010/bn_7116413603"",""txt"":""Women""},{""sp"":""3633"",""url"":""https://www.ebay.com.au/b/Mens-Clothing-Shoes-Accessories/260012/bn_7116418466"",""txt"":""Men""},{""sp"":""2736"",""url"":""https://www.ebay.com.au/b/Kids-Clothing-Shoes-Accessories/171146/bn_7116421408"",""txt"":""Kids""},{""sp"":""3634"",""url"":""https://www.ebay.com.au/b/Jewellery-Watches/281/bn_1843276"",""txt"":""Jewellery & Watches""}]},{""parent"":{""title"":""Sports"",""sp"":""3414"",""url"":""https://www.ebay.com.au/b/Sporting-Goods/888/bn_1843496"",""txt"":""Sports""},""children"":[{""sp"":""3651"",""url"":""https://www.ebay.com.au/b/Golf-Equipment-Gear/1513/bn_1843100"",""txt"":""Golf""},{""sp"":""3282"",""url"":""https://www.ebay.com.au/b/Cycling-Equipment/7294/bn_1656805"",""txt"":""Cycling""},{""sp"":""3650"",""url"":""https://www.ebay.com.au/b/Fitness-Running-Yoga-Equipment/15273/bn_1843101"",""txt"":""Fitness, Running & Yoga""},{""sp"":""4134"",""url"":""https://www.ebay.com.au/b/Camping-Hiking/16034/bn_1843119"",""txt"":""Camping & Hiking""}]},{""parent"":{""title"":""Health & Beauty"",""sp"":""3420"",""url"":""https://www.ebay.com.au/b/Health-Beauty/26395/bn_1843264"",""txt"":""Health & Beauty""},""children"":[{""url"":""https://www.ebay.com.au/b/Hair-Care-Styling-Products/11854/bn_1843039"",""txt"":""Hair Care & Styling""},{""url"":""https://www.ebay.com.au/b/Health-Care-Products/67588/bn_1843460"",""txt"":""Health Care""},{""url"":""https://www.ebay.com.au/b/Mobility-Disability-Equipment/11778/bn_685314"",""txt"":""Mobility & Disability""},{""url"":""https://www.ebay.com.au/b/Makeup-Products/31786/bn_1843318"",""txt"":""Makeup""}]}],[{""parent"":{""title"":""Toys"",""url"":""https://www.ebay.com.au/b/Toys-Hobbies/220/bn_1843241"",""txt"":""Toys""},""children"":[{""url"":""https://www.ebay.com.au/b/Cartoon-TV-Character-Action-Figures/261068/bn_1843260"",""txt"":""TV & Movie Character Toys""},{""url"":""https://www.ebay.com.au/b/Games/233/bn_1843246"",""txt"":""Games""},{""url"":""https://www.ebay.com.au/b/Action-Figures-Accessories/246/bn_1617415"",""txt"":""Action Figures""},{""url"":""https://www.ebay.com.au/b/RC-Model-Vehicles-Toys-Control-Line/2562/bn_1843255"",""txt"":""Radio Control & Control Line""}]},{""parent"":{""title"":""Radio Control & Control Line"",""url"":""https://www.ebay.com.au/b/Business-Industrial/bn_7117562161"",""txt"":""Business & Industrial""},""children"":[{""url"":""https://www.ebay.com.au/b/Industrial-Supplies/170769/bn_1843158"",""txt"":""Industrial Supplies""},{""url"":""https://www.ebay.com.au/b/Business-Supplies/170638/bn_1843154"",""txt"":""Business Supplies""}]},{""parent"":{""title"":""Other Categories"",""url"":""https://www.ebay.com.au/b/Others/bn_7117559159"",""txt"":""Other Categories""},""children"":[{""url"":""https://www.ebay.com.au/b/Books-Music-Movies/bn_7117558158"",""txt"":""Books, Music & Movies""},{""url"":""https://www.ebay.com.au/b/Collectables-Art/bn_7000259662"",""txt"":""Collectables & Art""},{""url"":""https://www.ebay.com.au/b/Baby-Essentials/2984/bn_1843288"",""txt"":""Baby Essentials""},{""url"":""https://www.ebay.com.au/b/Food-Grocery/bn_7117559158"",""txt"":""Food & Grocery""}]}]],""footer"":[{""parent"":{""id"":""gh-shop-by-brand"",""sp"":""45017"",""url"":""https://www.ebay.com.au/n/all-brands"",""txt"":""All Brands""},""children"":[]},{""parent"":{""id"":""gh-shop-see-all-center"",""sp"":""3601"",""url"":""https://www.ebay.com.au/n/all-categories"",""txt"":""All Categories""},""children"":[]}],""title"":""Shop by category"",""isEnhancedSearchBarEnabled"":false},{""f"":1,""s"":{""init"":false}}],[""s0-1-4-10-4"",16,{""content"":{""searchLabel"":""Search"",""searchBoxPlaceholder"":""Search for anything"",""searchBoxClearSearch"":""Clear search"",""cameraIcon"":""Camera icon""},""isVisualSearchEnabled"":false},{""w"":{}}],[""s0-1-4-10-4-1-0"",17,null,{}],[""s0-1-4-10-4-@clear"",18,{},{""e"":[[""click"",""handleClearClick"",false]],""p"":""s0-1-4-10-4""}],[""s0-1-4-10-4-@clear-1-2-0"",17,null,{}],[""s0-1-4-10-5"",19,{""content"":{""searchCategoriesLabel"":""Select a category for search""},""categories"":[{""id"":""0"",""label"":""All Categories""},{""id"":""14308"",""label"":""Alcohol & Food""},{""id"":""20081"",""label"":""Antiques""},{""id"":""550"",""label"":""Art""},{""id"":""2984"",""label"":""Baby""},{""id"":""267"",""label"":""Books, Magazines""},{""id"":""170638"",""label"":""Business""},{""id"":""625"",""label"":""Cameras""},{""id"":""9800"",""label"":""Cars, Bikes, Boats""},{""id"":""11450"",""label"":""Clothing, Shoes, Accessories""},{""id"":""11116"",""label"":""Coins""},{""id"":""1"",""label"":""Collectables""},{""id"":""58058"",""label"":""Computers/Tablets & Networking""},{""id"":""14339"",""label"":""Crafts""},{""id"":""237"",""label"":""Dolls, Bears""},{""id"":""293"",""label"":""Electronics""},{""id"":""184609"",""label"":""Gift Cards & Vouchers""},{""id"":""26395"",""label"":""Health & Beauty""},{""id"":""20710"",""label"":""Home Appliances""},{""id"":""172176"",""label"":""Home Entertainment""},{""id"":""11700"",""label"":""Home & Garden""},{""id"":""170769"",""label"":""Industrial""},{""id"":""281"",""label"":""Jewelry & Watches""},{""id"":""11232"",""label"":""Movies""},{""id"":""11233"",""label"":""Music""},{""id"":""619"",""label"":""Musical Instruments""},{""id"":""1281"",""label"":""Pet Supplies""},{""id"":""15032"",""label"":""Phones & Accessories""},{""id"":""870"",""label"":""Pottery, Glass""},{""id"":""316"",""label"":""Services""},{""id"":""888"",""label"":""Sporting Goods""},{""id"":""260"",""label"":""Stamps""},{""id"":""11730"",""label"":""Tickets, Travel""},{""id"":""220"",""label"":""Toys, Hobbies""},{""id"":""131090"",""label"":""Vehicle Parts & Accessories""},{""id"":""1249"",""label"":""Video Games & Consoles""},{""id"":""99"",""label"":""Lots More...""}],""isEnhancedSearchBarVariant2"":false},{}],[""s0-1-4-10-8"",20,{""content"":{""searchLabel"":""Search"",""searchButtonAdvanced"":""Advanced""},""advancedSearchTrkId"":""m570.l2614"",""advancedSearchUrl"":""https://www.ebay.com.au/sch/ebayadvsearch"",""isEnhancedSearchBarVariant2"":false,""isVisualSearchEnabled"":false},{}],[""s0-1-4-10-8-@btn"",21,{},{}],[""s0-1-4-10-8-@btn-7-2-0"",17,null,{}],[""s0-1-4-15"",22,{},{""f"":1}],[""s0-1-5-1"",23,{},{""f"":1,""s"":{""content"":{""copyright"":""Copyright © 1995-2026 eBay Inc. All Rights Reserved."",""and"":""and""}},""u"":[""model""]}],[""s0-1-5-2-0"",24,{""title"":""Scroll to top""},{""f"":1,""s"":{""sid"":"""",""isVisible"":false}}]],""t"":[""$DvkD21"",""GBACWh_"",""cwtue0J"",""ddutfx$"",""y8DGega"",""WfAaHff"",""g$xGcSk"",""jF1EHyV"",""Za$yvnV"",""$U6$Pyd"",""O0Jmy_Z"",""euG3QUV"",""KmV61Yz"",""uUp5Fk2"",""yAltw3C"",""Vn3rYJl"",""D$VZlTl"",""urR28f2"",""Ga2SUGO"",""CyY2hYH"",""j6dKTNS"",""UrvOpBz"",""ITnRPxf"",""K1d9nHC"",""$GOarLQ""]},""$$"":[{""l"":[""w"",7,2,""links""],""r"":[""w"",6,2,""links""]},{""l"":[""w"",12,2,""target"",""renderBody""],""r"":{""type"":""NOOP""}},{""l"":[""w"",12,2,""dialog"",""renderBody""],""r"":{""type"":""NOOP""}},{""l"":[""w"",16,3,""w"",""bundle""],""r"":[""g"",""gh_searchAutocomplete""]},{""l"":[""w"",17,3,""w""],""r"":[""w"",16,3,""w""]},{""l"":[""w"",18,3,""w""],""r"":[""w"",16,3,""w""]},{""l"":[""w"",19,3,""w""],""r"":[""w"",16,3,""w""]},{""l"":[""w"",20,3,""w""],""r"":[""w"",16,3,""w""]},{""l"":[""w"",21,3,""w""],""r"":[""w"",16,3,""w""]},{""l"":[""w"",22,3,""w""],""r"":[""w"",16,3,""w""]},{""l"":[""w"",23,3,""w""],""r"":[""w"",16,3,""w""]},{""l"":[""w"",24,3,""w""],""r"":[""w"",16,3,""w""]},{""l"":[""w"",25,3,""w""],""r"":[""w"",16,3,""w""]},{""l"":[""w"",26,3,""w""],""r"":[""w"",16,3,""w""]}]});if(typeof GH !== ""undefined"" && GH) {GH.init=()=>{const sMap = {""0"":""SIGNED-OUT"",""1"":""SIGNED-IN"",""2"":""RECOGNIZED""};const sVal = sMap[(GHIdentConfig.sin || ""0"").toString()] || sMap[""0""];const ident = {""SIGNIN_ENUM"": sVal,""firstName"": decodeURIComponent(GHIdentConfig.fn || """"),""userId"": decodeURIComponent(GHIdentConfig.id || """")};GH.__private = GH.__private || {};GH.__private.identity = ident;const e = new CustomEvent(""gh-userstate-update"", { detail: ident });document.dispatchEvent(e);};const GHIdentConfig={""sin"":0,""pageId"":2334524,""selectedCatId"":"""",""fn"":"""",""id"":""""};GH.init();}",https://www.ebay.com.au/itm/267559926415
389935414325,ONEXPLAYER ONEXStation i1 MINI PC AI Max+395 128GB+1TB MINI Workstation,7575.2,OneXPlayer ONEXStation i1,L3,"""AI Max+ 395"" mini PC",China,https://www.ebay.com.au/itm/389935414325
327122417754,ONEXPLAYER ONEXStation i1 MINI PC AI Max+395 128GB+1TB MINI Workstation,7591.49,OneXPlayer ONEXStation i1,L3,"""AI Max+ 395"" mini PC",China,https://www.ebay.com.au/itm/327122417754
205779064097,HP ZBook Studio​ 99 Ultra Mobile Workstation AMD Ryzen AI Max+ PRO 395+128GB RAM,7617.0,HP ZBook Studio 99,L2,Ryzen AI Max PRO 395,China,https://www.ebay.com.au/itm/205779064097
127425827796,HP ZBook Studio​ 99 Ultra Mobile Workstation AMD Ryzen AI Max+ PRO 395+128GB RAM,7617.0,HP ZBook Studio 99,L2,Ryzen AI Max PRO 395,China,https://www.ebay.com.au/itm/127425827796
127425915980,HP ZBook Studio​ 99 Ultra Mobile Workstation AMD Ryzen AI Max+ PRO 395+128GB RAM,7617.0,HP ZBook Studio 99,L2,Ryzen AI Max PRO 395,China,https://www.ebay.com.au/itm/127425915980
397878351938,ONEXPLAYER ONEXStation i1 MINI PC AI Max+395 128GB+1TB MINI Workstation,7689.99,OneXPlayer ONEXStation i1,L2,"""AI Max+ 395""",China,https://www.ebay.com.au/itm/397878351938
127828715322,ONEXPLAYER ONEXStation i1 MINI PC AI Max+395 128GB+1TB MINI Workstation,7689.99,OneXPlayer ONEXStation i1,L2,"""AI Max+ 395""",China,https://www.ebay.com.au/itm/127828715322
397878351936,ONEXPLAYER ONEXStation i1 MINI PC AI Max+395 128GB+1TB MINI Workstation,7689.99,OneXPlayer ONEXStation i1,L2,"""AI Max+ 395""",China,https://www.ebay.com.au/itm/397878351936
318231455008,"NEW HP BG1Q2PT ZBOOK ULTRA 14 G1A AI MAX+ 395 14"" 64GB (FIXED) 1TB W11P IR WL.h",7811.1,HP ZBook Ultra G1a,L2,"""AI Max+ 395""",Unknown,https://www.ebay.com.au/itm/318231455008
366233460446,HP Workstation Z2 G1a - Mini - 4U - 1 x Ryzen AI Max+ Pro 395 3 3 (A40MYET#ABD),7892.5,Other,L2,Ryzen AI Max PRO 395,Switzerland,https://www.ebay.com.au/itm/366233460446
287203158372,"AI Mini PC Ryzen Al Max+ 395 (Up to 5.1Ghz) Mini Gaming Computers, 128GB LPDDR5X",8028.99,Generic AI Mini PC,L2,Ryzen AI Max PRO 395,Unknown,https://www.ebay.com.au/itm/287203158372
365866700672,HP Workstation Z2 G1a - Mini - 4U - 1 x Ryzen AI Max+ Pro 395 3 3 (A40MYET#ABD),8078.04,Other,L2,Ryzen AI Max PRO 395,Germany,https://www.ebay.com.au/itm/365866700672
366233460451,HP Z2 Mini G1a Workstation B34KWES[AMD Ryzen AI Max Pro 395 128 (B34KWES#ABD),8080.88,HP Z2 G1a Mini,L2,Ryzen AI Max PRO 395,Switzerland,https://www.ebay.com.au/itm/366233460451
187596138762,HP ZBook Studio​ 99 Ultra Mobile Workstation AMD Ryzen AI Max+ PRO 395+128GB RAM,8288.76,HP ZBook Studio 99,L2,Ryzen AI Max PRO 395,China,https://www.ebay.com.au/itm/187596138762
177438423437,HP ZBook Studio​ 99 Ultra Mobile Workstation AMD Ryzen AI Max+ PRO 395+128GB RAM,8288.76,HP ZBook Studio 99,L2,Ryzen AI Max PRO 395,China,https://www.ebay.com.au/itm/177438423437
297650856840,HP Workstation Z2 G1a - Mini - 4U - 1 x Ryzen AI Max+ Pro 395 3 3 (A40MYET#ABD),8925.73,Other,L2,Ryzen AI Max PRO 395,Austria,https://www.ebay.com.au/itm/297650856840
366230029728,HP Z2 Mini G1a Workstation B34KWES[AMD Ryzen AI Max Pro 395 128 (B34KWES#ABD),9139.13,HP Z2 G1a Mini,L2,Ryzen AI Max PRO 395,Austria,https://www.ebay.com.au/itm/366230029728
389759426762,"AI Mini PC Ryzen Al Max+ 395 (Up to 5.1Ghz) Mini Gaming Computers, 128GB LPDDR5X",10495.62,Generic AI Mini PC,L2,Ryzen AI Max PRO 395,Unknown,https://www.ebay.com.au/itm/389759426762
147266020385,A40MYET#ABD HP Workstation Z2 G1a Mini 4U Ryzen AI Max+ Pro 395 3 GHz ~D~,11973.73,Other,L2,Ryzen AI Max PRO 395,Germany,https://www.ebay.com.au/itm/147266020385
366360717978,HP Z2 G1a Mini AMD Ryzen AI Max+ Pro 395 - Workstation 3 - Workstation,12128.5,HP Z2 G1a Mini,L2,Ryzen AI Max PRO 395,Austria,https://www.ebay.com.au/itm/366360717978
187588338655,ROG Flow X13 (2025) AMD Ryzen AI Max  395 64GB RAM 1TB SSD Notebook Computers,12381.0,ASUS ROG Flow X13,L3,"""AI Max+ 395"" notebook",China,https://www.ebay.com.au/itm/187588338655
358461388889,A3ZQ2ET#ABD HP ZBook Ultra G1a Mobile Workstation AMD Ryzen AI Max+ 395 3 GH ~D~,12793.16,HP ZBook Ultra G1a,L1,"HP ZBook Ultra G1a ""AI Max+ 395""",Germany,https://www.ebay.com.au/itm/358461388889
286561178954,"HP ZBook Ultra 14 G1a 14"" OLED 2.8K TOUCH AMD AI MAX+ PRO 395 128GB 2TB W11P 3YR",13826.0,HP ZBook Ultra G1a,L2,Ryzen AI Max PRO 395,Unknown,https://www.ebay.com.au/itm/286561178954
366360717838,HP ZBook Ultra 14 G1a AMD Ryzen AI Max+ Pro 395 - Mobile Workstation - 3 GHz,13874.87,HP ZBook Ultra G1a,L2,Ryzen AI Max PRO 395,Austria,https://www.ebay.com.au/itm/366360717838
